condition,locus,support,correct,split_size
correct_L200,r1g0,0.636,False,2
correct_L200,r1g0,0.359,True,7
correct_L200,r1g0,0.951,True,3
correct_L200,r1g0,0.333,False,2
correct_L200,r1g0,0.333,False,4
correct_L200,r1g0,0.96,True,3
correct_L200,r1g0,0.393,True,2
correct_L200,r1g0,1.0,True,9
correct_L200,r1g0,0.553,False,10
correct_L200,r1g0,0.623,False,10
correct_L200,r1g0,0.824,False,9
correct_L200,r1g0,0.333,False,8
correct_L200,r1g0,0.854,False,5
correct_L200,r1g0,0.921,True,4
correct_L200,r1g0,1.0,True,3
correct_L200,r1g0,0.333,False,2
correct_L200,r1g0,0.363,False,3
correct_L200,r1g0,0.802,False,2
correct_L200,r1g0,0.778,True,2
correct_L200,r1g1,0.786,False,10
correct_L200,r1g1,0.735,True,7
correct_L200,r1g1,0.685,False,6
correct_L200,r1g1,0.879,False,3
correct_L200,r1g1,0.333,True,2
correct_L200,r1g1,0.99,True,3
correct_L200,r1g1,0.953,True,2
correct_L200,r1g1,0.688,False,3
correct_L200,r1g1,0.348,True,2
correct_L200,r1g1,0.333,False,11
correct_L200,r1g1,0.333,False,3
correct_L200,r1g1,0.823,False,2
correct_L200,r1g1,0.895,True,8
correct_L200,r1g1,0.36,False,7
correct_L200,r1g1,1.0,True,2
correct_L200,r1g1,0.333,False,5
correct_L200,r1g1,0.333,True,3
correct_L200,r1g1,0.539,False,2
correct_L200,r1g1,1.0,True,2
correct_L200,r1g2,0.388,False,2
correct_L200,r1g2,0.333,False,8
correct_L200,r1g2,0.931,True,6
correct_L200,r1g2,0.794,True,4
correct_L200,r1g2,0.662,True,3
correct_L200,r1g2,0.999,True,2
correct_L200,r1g2,0.613,True,2
correct_L200,r1g2,0.99,True,2
correct_L200,r1g2,0.333,False,10
correct_L200,r1g2,0.91,False,11
correct_L200,r1g2,0.954,False,7
correct_L200,r1g2,0.85,False,4
correct_L200,r1g2,1.0,True,2
correct_L200,r1g2,0.333,False,2
correct_L200,r1g2,0.333,False,3
correct_L200,r1g2,0.94,False,2
correct_L200,r1g2,0.333,False,4
correct_L200,r1g2,0.453,False,3
correct_L200,r1g2,1.0,True,2
correct_L200,r1g3,0.925,False,4
correct_L200,r1g3,0.77,False,7
correct_L200,r1g3,0.333,False,7
correct_L200,r1g3,0.592,False,3
correct_L200,r1g3,0.57,False,2
correct_L200,r1g3,0.895,False,4
correct_L200,r1g3,1.0,True,3
correct_L200,r1g3,0.906,True,2
correct_L200,r1g3,0.885,True,8
correct_L200,r1g3,0.408,True,7
correct_L200,r1g3,0.761,True,5
correct_L200,r1g3,0.745,False,4
correct_L200,r1g3,0.785,False,3
correct_L200,r1g3,1.0,True,2
correct_L200,r1g3,0.996,True,2
correct_L200,r1g3,0.639,False,3
correct_L200,r1g3,0.824,True,2
correct_L200,r1g3,0.961,True,3
correct_L200,r1g3,0.888,False,2
correct_L200,r1g4,0.333,False,2
correct_L200,r1g4,0.337,False,3
correct_L200,r1g4,0.333,False,10
correct_L200,r1g4,0.406,False,10
correct_L200,r1g4,0.992,True,7
correct_L200,r1g4,0.765,True,5
correct_L200,r1g4,1.0,True,4
correct_L200,r1g4,0.333,True,2
correct_L200,r1g4,0.338,True,2
correct_L200,r1g4,1.0,True,2
correct_L200,r1g4,0.333,True,3
correct_L200,r1g4,0.982,True,2
correct_L200,r1g4,1.0,True,2
correct_L200,r1g4,0.675,False,7
correct_L200,r1g4,0.333,False,6
correct_L200,r1g4,0.751,False,3
correct_L200,r1g4,0.59,False,2
correct_L200,r1g4,0.333,False,3
correct_L200,r1g4,0.418,False,2
correct_L200,r1g5,0.528,False,6
correct_L200,r1g5,0.333,False,7
correct_L200,r1g5,0.921,False,4
correct_L200,r1g5,0.333,False,3
correct_L200,r1g5,0.985,True,2
correct_L200,r1g5,0.333,False,11
correct_L200,r1g5,0.616,False,6
correct_L200,r1g5,0.892,True,5
correct_L200,r1g5,0.333,False,4
correct_L200,r1g5,0.333,False,3
correct_L200,r1g5,0.396,False,2
correct_L200,r1g5,0.333,False,5
correct_L200,r1g5,0.922,False,4
correct_L200,r1g5,0.381,False,2
correct_L200,r1g5,0.533,True,2
correct_L200,r1g5,0.986,False,5
correct_L200,r1g5,0.641,False,4
correct_L200,r1g5,0.333,False,3
correct_L200,r1g5,0.552,True,2
correct_L200,r1g6,0.507,False,5
correct_L200,r1g6,0.972,False,6
correct_L200,r1g6,0.97,False,8
correct_L200,r1g6,0.333,True,9
correct_L200,r1g6,0.574,False,7
correct_L200,r1g6,0.714,True,6
correct_L200,r1g6,0.333,True,5
correct_L200,r1g6,0.735,True,3
correct_L200,r1g6,0.786,True,2
correct_L200,r1g6,0.447,True,2
correct_L200,r1g6,0.944,True,6
correct_L200,r1g6,0.872,False,5
correct_L200,r1g6,0.996,True,2
correct_L200,r1g6,0.798,True,3
correct_L200,r1g6,0.82,True,2
correct_L200,r1g6,0.712,True,2
correct_L200,r1g6,0.333,False,4
correct_L200,r1g6,0.852,True,3
correct_L200,r1g6,1.0,True,2
correct_L200,r1g7,0.548,False,2
correct_L200,r1g7,0.6,False,3
correct_L200,r1g7,0.333,False,8
correct_L200,r1g7,0.421,False,6
correct_L200,r1g7,0.99,True,2
correct_L200,r1g7,0.336,False,4
correct_L200,r1g7,0.333,False,3
correct_L200,r1g7,1.0,True,2
correct_L200,r1g7,0.999,True,8
correct_L200,r1g7,0.948,True,4
correct_L200,r1g7,0.333,True,2
correct_L200,r1g7,1.0,True,2
correct_L200,r1g7,0.333,True,4
correct_L200,r1g7,0.509,False,3
correct_L200,r1g7,0.741,True,2
correct_L200,r1g7,1.0,True,5
correct_L200,r1g7,0.758,False,4
correct_L200,r1g7,0.723,False,3
correct_L200,r1g7,0.984,True,2
correct_L200,r1g8,0.787,True,2
correct_L200,r1g8,0.832,True,3
correct_L200,r1g8,0.571,False,2
correct_L200,r1g8,0.652,True,5
correct_L200,r1g8,0.498,False,6
correct_L200,r1g8,0.963,True,6
correct_L200,r1g8,0.333,True,5
correct_L200,r1g8,0.786,True,3
correct_L200,r1g8,1.0,True,2
correct_L200,r1g8,1.0,True,2
correct_L200,r1g8,0.333,False,10
correct_L200,r1g8,0.58,True,4
correct_L200,r1g8,0.986,True,3
correct_L200,r1g8,0.98,True,2
correct_L200,r1g8,1.0,True,6
correct_L200,r1g8,0.928,False,3
correct_L200,r1g8,0.333,False,2
correct_L200,r1g8,0.491,False,3
correct_L200,r1g8,1.0,True,2
correct_L200,r1g9,0.835,False,2
correct_L200,r1g9,0.333,False,3
correct_L200,r1g9,0.95,False,5
correct_L200,r1g9,0.333,False,7
correct_L200,r1g9,0.333,False,3
correct_L200,r1g9,0.808,True,2
correct_L200,r1g9,0.889,False,4
correct_L200,r1g9,0.998,True,3
correct_L200,r1g9,0.994,True,2
correct_L200,r1g9,0.898,False,10
correct_L200,r1g9,0.752,True,4
correct_L200,r1g9,0.999,True,3
correct_L200,r1g9,0.442,True,2
correct_L200,r1g9,0.791,False,6
correct_L200,r1g9,0.333,False,5
correct_L200,r1g9,0.462,False,3
correct_L200,r1g9,0.996,True,2
correct_L200,r1g9,1.0,True,2
correct_L200,r1g9,0.999,True,2
misspecified_L200,r1g0,0.974,False,2
misspecified_L200,r1g0,0.968,False,3
misspecified_L200,r1g0,0.791,False,6
misspecified_L200,r1g0,0.854,False,5
misspecified_L200,r1g0,0.89,False,4
misspecified_L200,r1g0,0.74,False,3
misspecified_L200,r1g0,0.844,True,2
misspecified_L200,r1g0,0.998,True,9
misspecified_L200,r1g0,0.591,False,10
misspecified_L200,r1g0,0.959,False,11
misspecified_L200,r1g0,0.597,False,2
misspecified_L200,r1g0,0.959,False,9
misspecified_L200,r1g0,0.786,False,8
misspecified_L200,r1g0,1.0,True,3
misspecified_L200,r1g0,0.709,True,2
misspecified_L200,r1g0,0.984,True,5
misspecified_L200,r1g0,0.916,False,4
misspecified_L200,r1g0,0.993,False,3
misspecified_L200,r1g0,0.999,True,2
misspecified_L200,r1g1,0.744,False,4
misspecified_L200,r1g1,0.994,False,5
misspecified_L200,r1g1,0.602,False,4
misspecified_L200,r1g1,0.691,False,3
misspecified_L200,r1g1,1.0,True,2
misspecified_L200,r1g1,0.982,False,9
misspecified_L200,r1g1,0.973,False,10
misspecified_L200,r1g1,0.884,False,11
misspecified_L200,r1g1,0.994,False,8
misspecified_L200,r1g1,0.428,False,7
misspecified_L200,r1g1,0.998,False,5
misspecified_L200,r1g1,0.63,False,4
misspecified_L200,r1g1,0.785,True,3
misspecified_L200,r1g1,1.0,True,2
misspecified_L200,r1g1,0.848,False,2
misspecified_L200,r1g1,0.524,False,3
misspecified_L200,r1g1,0.992,False,2
misspecified_L200,r1g1,0.985,False,3
misspecified_L200,r1g1,0.853,True,2
misspecified_L200,r1g2,0.997,True,3
misspecified_L200,r1g2,0.706,False,2
misspecified_L200,r1g2,0.475,False,4
misspecified_L200,r1g2,0.988,False,5
misspecified_L200,r1g2,0.995,False,6
misspecified_L200,r1g2,0.958,False,7
misspecified_L200,r1g2,0.992,False,8
misspecified_L200,r1g2,0.989,False,11
misspecified_L200,r1g2,0.843,False,10
misspecified_L200,r1g2,0.647,False,9
misspecified_L200,r1g2,0.989,False,5
misspecified_L200,r1g2,0.94,False,4
misspecified_L200,r1g2,0.846,False,2
misspecified_L200,r1g2,1.0,True,2
misspecified_L200,r1g2,0.929,False,4
misspecified_L200,r1g2,1.0,True,2
misspecified_L200,r1g2,0.981,True,2
misspecified_L200,r1g2,0.697,False,3
misspecified_L200,r1g2,0.756,False,2
misspecified_L200,r1g3,0.749,False,6
misspecified_L200,r1g3,1.0,False,8
misspecified_L200,r1g3,0.925,False,9
misspecified_L200,r1g3,0.923,False,8
misspecified_L200,r1g3,1.0,False,7
misspecified_L200,r1g3,0.966,False,6
misspecified_L200,r1g3,0.989,True,3
misspecified_L200,r1g3,0.691,False,2
misspecified_L200,r1g3,1.0,True,3
misspecified_L200,r1g3,0.988,True,2
misspecified_L200,r1g3,0.952,False,5
misspecified_L200,r1g3,0.726,False,3
misspecified_L200,r1g3,0.999,True,2
misspecified_L200,r1g3,0.974,False,2
misspecified_L200,r1g3,1.0,True,2
misspecified_L200,r1g3,1.0,True,5
misspecified_L200,r1g3,0.892,False,4
misspecified_L200,r1g3,1.0,True,2
misspecified_L200,r1g3,0.457,True,2
misspecified_L200,r1g4,0.898,False,2
misspecified_L200,r1g4,0.967,False,9
misspecified_L200,r1g4,0.993,False,11
misspecified_L200,r1g4,0.626,False,9
misspecified_L200,r1g4,0.998,False,8
misspecified_L200,r1g4,0.471,True,7
misspecified_L200,r1g4,0.999,True,5
misspecified_L200,r1g4,0.833,False,4
misspecified_L200,r1g4,0.982,False,3
misspecified_L200,r1g4,0.981,False,2
misspecified_L200,r1g4,1.0,True,2
misspecified_L200,r1g4,0.982,True,2
misspecified_L200,r1g4,1.0,True,2
misspecified_L200,r1g4,0.503,False,7
misspecified_L200,r1g4,0.91,False,6
misspecified_L200,r1g4,0.999,False,3
misspecified_L200,r1g4,0.98,False,2
misspecified_L200,r1g4,0.978,False,3
misspecified_L200,r1g4,0.951,True,2
misspecified_L200,r1g5,0.571,False,2
misspecified_L200,r1g5,0.905,False,6
misspecified_L200,r1g5,0.638,False,7
misspecified_L200,r1g5,0.992,False,10
misspecified_L200,r1g5,0.996,False,11
misspecified_L200,r1g5,0.508,False,4
misspecified_L200,r1g5,0.999,False,3
misspecified_L200,r1g5,0.82,False,2
misspecified_L200,r1g5,0.837,False,7
misspecified_L200,r1g5,0.995,False,6
misspecified_L200,r1g5,0.998,False,3
misspecified_L200,r1g5,0.918,False,2
misspecified_L200,r1g5,0.699,False,3
misspecified_L200,r1g5,0.956,False,2
misspecified_L200,r1g5,0.925,False,3
misspecified_L200,r1g5,0.753,False,2
misspecified_L200,r1g5,0.996,True,4
misspecified_L200,r1g5,0.865,False,3
misspecified_L200,r1g5,0.996,True,2
misspecified_L200,r1g6,0.999,False,2
misspecified_L200,r1g6,0.956,False,3
misspecified_L200,r1g6,1.0,False,6
misspecified_L200,r1g6,0.931,False,8
misspecified_L200,r1g6,0.899,False,9
misspecified_L200,r1g6,0.947,False,2
misspecified_L200,r1g6,0.877,False,11
misspecified_L200,r1g6,0.924,False,9
misspecified_L200,r1g6,0.976,False,8
misspecified_L200,r1g6,0.984,False,2
misspecified_L200,r1g6,0.979,True,6
misspecified_L200,r1g6,0.911,False,5
misspecified_L200,r1g6,0.922,False,4
misspecified_L200,r1g6,1.0,True,2
misspecified_L200,r1g6,0.942,True,2
misspecified_L200,r1g6,0.457,False,2
misspecified_L200,r1g6,1.0,True,2
misspecified_L200,r1g6,0.738,True,3
misspecified_L200,r1g6,0.997,True,2
misspecified_L200,r1g7,0.915,False,4
misspecified_L200,r1g7,0.934,False,9
misspecified_L200,r1g7,0.731,False,8
misspecified_L200,r1g7,1.0,False,3
misspecified_L200,r1g7,0.498,False,2
misspecified_L200,r1g7,1.0,True,5
misspecified_L200,r1g7,0.419,True,2
misspecified_L200,r1g7,1.0,True,3
misspecified_L200,r1g7,1.0,True,2
misspecified_L200,r1g7,0.96,True,9
misspecified_L200,r1g7,0.623,False,4
misspecified_L200,r1g7,0.977,False,3
misspecified_L200,r1g7,0.482,False,2
misspecified_L200,r1g7,0.966,False,5
misspecified_L200,r1g7,0.925,True,4
misspecified_L200,r1g7,0.933,False,3
misspecified_L200,r1g7,1.0,True,2
misspecified_L200,r1g7,0.504,False,3
misspecified_L200,r1g7,1.0,True,2
misspecified_L200,r1g8,0.997,True,2
misspecified_L200,r1g8,1.0,True,3
misspecified_L200,r1g8,0.564,False,2
misspecified_L200,r1g8,0.997,True,5
misspecified_L200,r1g8,0.997,False,7
misspecified_L200,r1g8,0.836,False,4
misspecified_L200,r1g8,0.399,False,3
misspecified_L200,r1g8,1.0,True,2
misspecified_L200,r1g8,0.897,True,11
misspecified_L200,r1g8,0.689,False,10
misspecified_L200,r1g8,0.987,True,3
misspecified_L200,r1g8,1.0,True,2
misspecified_L200,r1g8,0.987,False,7
misspecified_L200,r1g8,1.0,True,6
misspecified_L200,r1g8,0.674,False,5
misspecified_L200,r1g8,0.907,False,2
misspecified_L200,r1g8,0.703,True,3
misspecified_L200,r1g8,1.0,True,2
misspecified_L200,r1g8,1.0,True,2
misspecified_L200,r1g9,0.672,False,2
misspecified_L200,r1g9,0.993,False,11
misspecified_L200,r1g9,0.997,False,4
misspecified_L200,r1g9,0.647,False,3
misspecified_L200,r1g9,0.636,True,2
misspecified_L200,r1g9,0.649,False,7
misspecified_L200,r1g9,0.995,True,4
misspecified_L200,r1g9,1.0,True,3
misspecified_L200,r1g9,0.787,False,2
misspecified_L200,r1g9,0.956,False,3
misspecified_L200,r1g9,1.0,True,2
misspecified_L200,r1g9,0.889,False,9
misspecified_L200,r1g9,0.927,False,2
misspecified_L200,r1g9,0.999,False,7
misspecified_L200,r1g9,0.594,False,5
misspecified_L200,r1g9,1.0,True,3
misspecified_L200,r1g9,1.0,True,2
misspecified_L200,r1g9,0.958,True,2
misspecified_L200,r1g9,1.0,True,2
